<config>
	<!-- I create my own specialized item groups for every trader -->
	<append xpath="/traders/trader_item_groups">

		<trader_item_group name="traderParent">
			<item group="clothes"/>
			<item group="warmClothes"/>
			<item group="decorativeBlocks"/>
			<item group="perkBooks"/>
			<item name="drugPainkillers" count="1,2"/>
			<item name="medicalFirstAidBandage" count="1,4"/>
			<item name="medicalBandage" count="1,4"/>
			<item group="foodVending"/>
			<item group="preparedFood" prob=".1"/>
			<item name="resourcePaint" count="1,12"/> <!-- 50 -->
			<item name="meleeToolFlashlight02"/>
		</trader_item_group>

		<!-- Gigachad Joel -->
		<trader_item_group name="JoelGuns">
			<item group="ammo"/>
			<item name="gunHandgunT0PipePistol" quality="1,5"/>
			<item name="gunShotgunT0PipeShotgun" quality="1,5"/>
			<item name="gunRifleT0PipeRifle" quality="1,5"/>
			<item name="gunMGT0PipeMachineGun" quality="1,5"/>
			<item name="gunHandgunT1Pistol" quality="1,3"/>
		</trader_item_group>

		<trader_item_group name="JoelArmor">
			<item group="groupArmorLightT0"/>
		</trader_item_group>

		<trader_item_group name="JoelFood">
			<item group="foodVending"/>
			<item group="preparedFood" prob=".1"/>
		</trader_item_group>

		<trader_item_group name="JoelConstruction">
			<item name="resourceWood" count="50,1000"/> <!-- 50 -->
			<item name="resourceCrushedSand" count="50,500"/> <!-- 50 -->
			<item name="resourceScrapIron" count="25,250"/> <!-- 10 -->
			<item name="resourceMetalPipe" count="5,20"/>
			<item name="resourceLeather" count="5,25"/>
			<item name="resourceClayLump" count="5,25"/> <!-- 150 -->
			<item name="resourceCloth" count="5,100"/>
			<item name="resourceAnimalFat" count="5,40"/>
			<item name="resourceDuctTape" count="10,30"/>
			<item name="resourceGlue" count="5,15"/>
			<item name="resourceLockPick" count="1,10"/>
		</trader_item_group>		

		<trader_item_group name="JoelSecretStashT0">
			<item name="forge" prob="0.01"/>
			<item name="forgeSchematic" prob="0.1"/>
			<item group="modAllT1SecretStash"/>
			<item group="ammo"/>
		</trader_item_group>

		<trader_item_group name="JoelSecretStashT1">
			<item name="workbench" prob="0.01"/>
			<item name="cementMixer" prob="0.01"/>
			<item name="workbenchSchematic" prob="0.1"/>
			<item name="cementMixerSchematic" prob="0.1"/>
			<item group="modAllT2SecretStash"/>
			<item group="modAllT3SecretStash"/>
			<item group="ammo"/>
		</trader_item_group>

		<trader_item_group name="JoelSecretStashT2">
			<item name="chemistryStation" prob="0.01"/>
			<item name="chemistryStationSchematic" prob="0.1"/>
			<item group="modAllT4SecretStash"/>
			<item group="modAllT5SecretStash"/>
			<item group="ammo"/>
		</trader_item_group>

		<!-- Farmer "His parents are probably blood related" Rekt  -->

		<trader_item_group name="RektGuns">
			<item group="ammo"/>
			<item name="gunShotgunT0PipeShotgun" quality="1,5"/>
			<item name="gunRifleT0PipeRifle" quality="1,5"/>
			<item name="gunRifleT1HuntingRifle" quality="2,4"/>
			<item name="gunShotgunT2PumpShotgun" quality="2,3"/>
			<item name="gunRifleT2LeverActionRifle" quality="2,3"/>
		</trader_item_group>

		<trader_item_group name="RektSeedSchematics">
			<item name="plantedAloe1Schematic"/>
			<item name="plantedBlueberry1Schematic"/>
			<item name="plantedChrysanthemum1Schematic"/>
			<item name="plantedCoffee1Schematic"/>
			<item name="plantedCorn1Schematic"/>
			<item name="plantedCotton1Schematic"/>
			<item name="plantedGoldenrod1Schematic"/>
			<item name="plantedGraceCorn1Schematic"/>
			<item name="plantedHop1Schematic"/>
			<item name="plantedMushroom1Schematic"/>
			<item name="plantedPotato1Schematic"/>
			<item name="plantedYucca1Schematic"/>
			<item name="plantedPumpkin1Schematic"/>
		</trader_item_group>

		<trader_item_group name="RektFoodSchematics">
			<item name="foodBaconAndEggsSchematic"/>
			<item name="foodBakedPotatoSchematic"/>
			<item name="foodBlueberryPieSchematic"/>
			<item name="foodBoiledMeatSchematic"/>
			<item name="foodCornBreadSchematic"/>
			<item name="foodCornOnTheCobSchematic"/>
			<item name="foodGrilledMeatSchematic"/>
			<item name="foodMeatStewSchematic"/>
			<item name="foodSteakAndPotatoSchematic"/>
			<item name="foodVegetableStewSchematic"/>
			<item name="foodShamChowderSchematic"/>
			<item name="foodHoboStewSchematic"/>
			<item name="foodFishTacosSchematic"/>
			<item name="foodChiliDogSchematic"/>
			<item name="foodPumpkinPieSchematic"/>
			<item name="foodPumpkinCheesecakeSchematic"/>
			<item name="foodPumpkinBreadSchematic"/>
			<item name="drinkYuccaJuiceSmoothieSchematic"/>
			<item name="drinkJarBeerSchematic"/>
		</trader_item_group>

		<trader_item_group name="RektFood">
			<item group="foodSupplies" prob=".5"/>
			<item group="preparedFood" prob=".45"/>
			<item group="seeds" prob=".5"/>
			<item group="RektSeedSchematics" prob=".01"/>
			<item group="RektFoodSchematics" prob=".01"/>
		</trader_item_group>

		<trader_item_group name="RektConstruction">
			<item name="resourceWood" count="50,1000"/> <!-- 50 -->
			<item name="resourceLeather" count="5,25"/>
			<item name="resourceClayLump" count="5,25"/> <!-- 150 -->
			<item name="resourceAnimalFat" count="5,40"/>
		</trader_item_group>		

		<trader_item_group name="RektSecretStashT0">
			<item name="drinkJarGrandpasMoonshine"/>
			<item name="drinkJarGrandpasAwesomeSauce"/>
			<item name="drinkJarGrandpasLearningElixir"/>
			<item group="RektFoodSchematics" prob=".01"/>
			<item name="drinkJarGrandpasAwesomeSauceSchematic" prob=".001"/>
			<item name="drinkJarGrandpasLearningElixirSchematic" prob=".001"/>
			<item name="drinkJarGrandpasMoonshineSchematic" prob=".001"/>
		</trader_item_group>

		<trader_item_group name="RektSecretStashT1">
			<item name="drinkJarGrandpasMoonshine"/>
			<item name="drinkJarGrandpasAwesomeSauce"/>
			<item name="drinkJarGrandpasLearningElixir"/>
			<item group="RektFoodSchematics" prob=".05"/>
			<item name="drinkJarGrandpasAwesomeSauceSchematic" prob=".005"/>
			<item name="drinkJarGrandpasLearningElixirSchematic" prob=".005"/>
			<item name="drinkJarGrandpasMoonshineSchematic" prob=".005"/>
		</trader_item_group>

		<trader_item_group name="RektSecretStashT2">
			<item name="drinkJarGrandpasMoonshine"/>
			<item name="drinkJarGrandpasAwesomeSauce"/>
			<item name="drinkJarGrandpasLearningElixir"/>
			<item group="RektFoodSchematics" prob=".1"/>
			<item name="drinkJarGrandpasAwesomeSauceSchematic" prob=".01"/>
			<item name="drinkJarGrandpasLearningElixirSchematic" prob=".01"/>
			<item name="drinkJarGrandpasMoonshineSchematic" prob=".01"/>
		</trader_item_group>



		<!-- Bob the builder -->

		<trader_item_group name="BobTheBuilder">
			<item name="resourceRepairKit" count="1,7"/>
			<item name="meleeToolRepairT3Nailgun" prob="0.05"/>
			<item name="meleeToolSalvageT2Ratchet" quality="1,3" prob="0.1"/>
			<item name="meleeToolSalvageT3ImpactDriver" quality="1,3"/>
			<item name="resourceCement" count="50,500"/> <!-- 100 -->
			<item name="resourceCobblestones" count="50,500"/> <!-- 70 -->
			<item name="resourceConcreteMix" count="100,500"/> <!-- 20 -->
			<item name="resourceNail" count="10,100"/> <!-- 10 -->
			<item name="resourceWood" count="50,1000"/> <!-- 50 -->
			<item name="resourceCrushedSand" count="50,500"/> <!-- 50 -->
			<item name="resourceScrapIron" count="25,250"/> <!-- 10 -->
			<item name="resourceScrapPolymers" count="30,150"/>
			<item name="resourceForgedIron" count="5,50"/>
			<item name="resourceForgedSteel" count="5,50"/>
			<item name="resourceMetalPipe" count="5,20"/>
			<item name="resourceOilShale" count="20,60"/> <!-- 50 -->
			<item name="resourceScrapBrass" count="30,80"/> <!-- 10 -->
			<item name="resourceScrapLead" count="5,90"/> <!-- 5 -->
			<item name="resourceCoal" count="20,60"/> <!-- 10 -->
			<item name="resourceOil" count="3,10"/>
			<item name="resourceAcid" count="1" prob="0.6"/>
			<item name="resourceHeadlight" count="5,20" prob="0.6"/>
			<item name="resourceDuctTape" count="10,30"/>
			<item name="resourceMechanicalParts" count="15,80" prob="0.8"/>
			<item name="resourceElectricParts" count="15,50" prob="0.7"/>
			<item name="resourceElectricParts" count="10,30" prob="0.6"/>
		</trader_item_group>

		<trader_item_group name="BobTheElectrician">
			<item name="resourceElectricParts" count="20,50" prob="1"/>
			<item name="resourceElectricParts" count="15,35" prob="0.5"/>
			<item name="generatorbank" count="1" prob="1"/>
			<item name="batterybank" count="1" prob="0.7"/>
			<item name="bladeTrap" count="1,3" prob="0.8"/>
			<item name="tripwirepost" count="1,5" prob="1.0"/>
			<item name="electricfencepost" count="1,4" prob="1.0"/>
			<item name="pressureplate" count="1,5" prob="1.0"/>
			<item name="ammoDartIron" count="15,70" prob="1.0"/>
			<item name="ceilingLight01_player" count="1,6" prob="1.0"/>
			<item name="spotlightPlayer" count="1,2" prob="1.0"/>
			<item name="dartTrap" count="1,2" prob="1.0"/>
			<item name="electrictimerrelay" count="1,3" prob="1.0"/>
			<item name="electricwirerelay" count="5,15" prob="1.0"/>
			<item name="motionsensor" count="1,2" prob="1.0"/>
			<item name="speaker" count="1,2" prob="1.0"/>
			<item name="switch" count="3,9" prob="1.0"/>
		</trader_item_group>

		<trader_item_group name="BobSecretStashT0" count="3">
			<item group="vehiclePartsMixed" />
			<item name="vehicleMotorcycleChassisSchematic" prob="0.05"/>
			<item name="vehicleMotorcycleHandlebarsSchematic" prob="0.05"/>
		</trader_item_group>

		<trader_item_group name="BobSecretStashT1" count="3">
			<item group="vehiclePartsMixed" />
			<item group="schematicsVehiclesCommon" prob="0.05"/>
			<item group="schematicsVehiclesMods" prob="0.05"/>
			<item name="vehicle4x4TruckChassisSchematic" prob="0.1"/>
			<item name="vehicle4x4TruckAccessoriesSchematic" prob="0.1"/>
		</trader_item_group>

		<trader_item_group name="BobSecretStashT2" count="3">
			<item group="vehiclePartsMixed" />
			<item group="schematicsVehiclesCommon" prob="0.1"/>
			<item group="schematicsVehiclesMods" prob="0.1"/>
			<item name="vehicleGyroCopterChassisSchematic" prob="0.1"/>
			<item name="vehicleGyroCopterAccessoriesSchematic" prob="0.1"/>
		</trader_item_group>


		<!-- Jen the vet- ahem, I mean the medic -->

		<trader_item_group name="JenDefense">
			<item name="meleeWpnBladeT1HuntingKnife" quality="1,4"/>
			<item name="meleeWpnSpearT1IronSpear" quality="1,4"/>
			<item group="hazmatGear" prob="0.1"/>
		</trader_item_group>

		<trader_item_group name="JenMedical">
			<item name="drugPainkillers"/>
			<item name="medicalFirstAidBandage" count="1,4"/>
			<item name="medicalBandage"/>
			<item name="medicalBloodBag" count="2,4"/>
			<item name="drugVitamins"/>
			<item name="medicalSplint"/>
			<item name="medicalFirstAidKit"/>
			<item name="drugAntibiotics"/>
			<item name="medicalFirstAidKitSchematic" prob="0.01"/>
		</trader_item_group>

		<trader_item_group name="JenSecretStashT0">
			<item name="toolBeaker" prob=".025"/>
			<item name="drugFortBites" count="1,2"/>
			<item name="drugRecog" count="1,2"/>
			<item name="drugSteroids" count="1,2"/>
		</trader_item_group>

		<trader_item_group name="JenSecretStashT1">
			<item name="toolBeaker" prob=".05"/>
			<item name="drugFortBites" count="2,6"/>
			<item name="drugRecog" count="2,6"/>
			<item name="drugSteroids" count="2,6"/>
			<item name="drugEyeKandy" prob="0.1" count="1,2"/>
			<item name="drugHealthBar" prob="0.1" count="1,2"/>
			<item name="drugNerdTats" prob="0.1" count="1,2"/>
			<item name="drugSugarButts" prob="0.1" count="1,2"/>
		</trader_item_group>

		<trader_item_group name="JenSecretStashT2">
			<item name="toolBeaker" prob=".075"/>
			<item name="drugFortBites" count="4,7"/>
			<item name="drugRecog" count="4,7"/>
			<item name="drugSteroids" count="4,7"/>
			<item name="drugEyeKandy" prob="0.125" count="2,3"/>
			<item name="drugHealthBar" prob="0.125" count="2,3"/>
			<item name="drugNerdTats" prob="0.125" count="2,3"/>
			<item name="drugSugarButts" prob="0.125" count="2,3"/>
		</trader_item_group>


		<!-- Hugh Janus -->
		<trader_item_group name="HughWeaponsT0-1">
			<item name="meleeWpnBladeT1HuntingKnife" quality="3,4"/>
			<item name="meleeWpnClubT1BaseballBat" quality="3,4"/>
			<item name="meleeWpnSpearT1IronSpear" quality="3,4"/>
			<item name="meleeWpnKnucklesT1IronKnuckles" quality="3,4"/>
			<item name="gunHandgunT1Pistol" quality="3,4"/>
			<item name="gunShotgunT1DoubleBarrel" quality="3,4"/>
			<item name="gunMGT1AK47" quality="3,4"/>
			<item name="gunRifleT1HuntingRifle" quality="3,4"/>
			<item name="gunBowT1IronCrossbow" prob="0.7" quality="3,4"/>
			<item name="gunBotT1JunkSledge" prob="0.7" quality="3,4"/>
		</trader_item_group>

		<trader_item_group name="HughWeaponsT2">
			<item name="meleeWpnBladeT3Machete" quality="2,4"/>
			<item name="meleeWpnClubT3SteelClub" quality="2,4"/>
			<item name="meleeWpnSpearT3SteelSpear" quality="2,4"/>
			<item name="meleeWpnSledgeT3SteelSledgehammer" quality="2,4"/>
			<item name="meleeWpnKnucklesT3SteelKnuckles" quality="2,4"/>
			<item name="gunShotgunT2PumpShotgun" quality="2,4"/>
			<item name="gunMGT2TacticalAR" quality="2,4"/>
			<item name="gunRifleT2LeverActionRifle" quality="2,4"/>
			<item name="gunHandgunT2Magnum44" prob="0.7" quality="2,4"/>
			<item name="gunBowT3CompoundBow" prob="0.7" quality="2,4"/>
			<item name="gunBowT3CompoundCrossbow" prob="0.7" quality="2,4"/>
			<item name="gunBotT2JunkTurret" prob="0.7" quality="2,4"/>
		</trader_item_group>

		<trader_item_group name="HughWeaponsT3">
			<item name="gunMGT2TacticalAR" quality="5"/>
			<item name="gunRifleT2LeverActionRifle" quality="5"/>
			<item name="gunHandgunT2Magnum44" quality="5"/>
			<item name="gunShotgunT2PumpShotgun" quality="5"/>
			<item name="gunBotT2JunkTurret" quality="5"/>
			<item name="gunHandgunT2Magnum44" quality="5"/>

			<item name="meleeWpnBladeT3Machete" quality="5"/>
			<item name="meleeWpnClubT3SteelClub" quality="5"/>
			<item name="meleeWpnSpearT3SteelSpear" quality="5"/>
			<item name="meleeWpnSledgeT3SteelSledgehammer" quality="5"/>
			<item name="meleeWpnKnucklesT3SteelKnuckles" quality="5"/>
			<item name="gunBowT3CompoundBow" quality="5"/>
			<item name="gunBowT3CompoundCrossbow" quality="5"/>
			<item name="gunHandgunT3SMG5" quality="5"/>
			<item name="gunMGT3M60" quality="5"/>
			<item name="gunHandgunT3DesertVulture" quality="5"/>
			<item name="gunShotgunT3AutoShotgun" quality="5"/>
			<item name="gunRifleT3SniperRifle" quality="5"/>
			<item name="gunExplosivesT3RocketLauncher" quality="5"/>
			<item name="gunBotT3JunkDrone" quality="5"/>
		</trader_item_group>

		<trader_item_group name="HughWeaponsQ6" count="2">
			<item name="meleeWpnBladeT1HuntingKnife" quality="6"/>
			<item name="meleeWpnClubT1BaseballBat" quality="6"/>
			<item name="meleeWpnSpearT1IronSpear" quality="6"/>
			<item name="meleeWpnKnucklesT1IronKnuckles" quality="6"/>
			<item name="gunHandgunT1Pistol" quality="6"/>
			<item name="gunShotgunT1DoubleBarrel" quality="6"/>
			<item name="gunMGT1AK47" quality="6"/>
			<item name="gunRifleT1HuntingRifle" quality="6"/>
			<item name="gunBowT1IronCrossbow" quality="6"/>
			<item name="gunBotT1JunkSledge" quality="6"/>
			<item name="gunMGT2TacticalAR" quality="6"/>
			<item name="gunRifleT2LeverActionRifle" quality="6"/>
			<item name="gunHandgunT2Magnum44" quality="6"/>
			<item name="gunShotgunT2PumpShotgun" quality="6"/>
			<item name="meleeWpnBladeT3Machete" quality="6"/>
			<item name="meleeWpnClubT3SteelClub" quality="6"/>
			<item name="meleeWpnSpearT3SteelSpear" quality="6"/>
			<item name="meleeWpnSledgeT3SteelSledgehammer" quality="6"/>
			<item name="meleeWpnKnucklesT3SteelKnuckles" quality="6"/>
			<item name="gunBowT3CompoundBow" quality="6"/>
			<item name="gunBowT3CompoundCrossbow" quality="6"/>
			<item name="gunBotT2JunkTurret" quality="6"/>
			<item name="gunHandgunT3SMG5" quality="6"/>
			<item name="gunMGT3M60" quality="6"/>
			<item name="gunHandgunT3DesertVulture" quality="6"/>
			<item name="gunShotgunT3AutoShotgun" quality="6"/>
			<item name="gunRifleT3SniperRifle" quality="6"/>
			<item name="gunExplosivesT3RocketLauncher" quality="6"/>
			<item name="gunBotT3JunkDrone" quality="6"/>
		</trader_item_group>

		<trader_item_group name="HughWeaponParts">
			<item name="gunHandgunT1PistolParts" count="1,5"/>
			<item name="gunShotgunT1DoubleBarrelParts" count="1,5"/>
			<item name="gunMGT1AK47Parts" count="1,5"/>
			<item name="gunRifleT1HuntingRifleParts" count="1,5"/>
			<item name="gunBowT1WoodenBowParts" count="1,5"/>
			<item name="gunBotRoboticsParts" count="1,5"/>
			<item name="gunExplosivesT3RocketLauncherParts" count="1,5"/>
		</trader_item_group>

		<trader_item_group name="HughAmmo">
			<item name="ammo9mmBulletBall" count="80,300"/>
			<item name="ammo9mmBulletAP" count="80,300"/>
			<item name="ammo762mmBulletBall" count="50,200"/>
			<item name="ammo762mmBulletAP" count="50,200"/>
			<item name="ammo44MagnumBulletBall" count="30,120" prob="0.5"/>
			<item name="ammo44MagnumBulletAP" count="30,120" prob="0.5"/>
			<item name="ammoShotgunShell" count="30,100"/>
			<item name="ammoShotgunSlug" count="12,50" prob="0.4"/>
			<item name="ammoRocketHE" count="1,4"/>
			<item name="ammoRocketFrag" count="1,4"/>
			<item name="ammoArrowIron" count="40,120"/>
			<item name="ammoArrowSteelAP" count="10,30"/>
			<item name="ammoCrossbowBoltIron" count="40,80"/>
			<item name="ammoCrossbowBoltSteelAP" count="10,30"/>
		</trader_item_group>

		<trader_item_group name="HughMods" count="5">
			<item name="modMeleeSerratedBlade"/>
			<item name="modMeleeStructuralBrace"/>
			<item name="modMeleeWeightedHead"/>
			<item name="modMeleeGraveDigger"/>
			<item name="modMeleeWoodSplitter"/>
			<item name="modFuelTankSmall"/>
			<item name="modGunChoke"/>
			<item name="modGunDuckbill"/>
			<item name="modGunBipod"/>
			<item name="modGunFlashlight"/>
			<item name="modGunForegrip"/>
			<item name="modGunMagazineExtender"/>
			<item name="modGunMeleeTheHunter"/>
			<item name="modGunMuzzleBrake"/>
			<item name="modGunScopeSmall"/>
			<item name="modShotgunSawedOffBarrel"/>
			<item name="modGunTriggerGroupSemi"/>

			<item name="modMeleeClubBurningShaft"/>
			<item name="modMeleeClubBarbedWire"/>
			<item name="modMeleeFortifyingGrip"/>
			<item name="modMeleeBunkerBuster"/>
			<item name="modFuelTankLarge"/>
			<item name="modGunBarrelExtender"/>
			<item name="modGunCrippleEm"/>
			<item name="modGunLaserSight"/>
			<item name="modGunReflexSight"/>
			<item name="modGunRetractingStock"/>
			<item name="modGunScopeMedium"/>
			<item name="modGunSoundSuppressorSilencer"/>
			<item name="modGunTriggerGroupBurst3"/>

			<item name="modMeleeClubMetalSpikes"/>
			<item name="modMeleeErgonomicGrip"/>
			<item name="modMeleeTemperedBlade"/>
			<item name="modMeleeIronBreaker"/>
			<item name="modGunBowPolymerString"/>
			<item name="modGunScopeLarge"/>
			<item name="modGunTriggerGroupAutomatic"/>
			<item name="modGunMeleeRadRemover"/>
		</trader_item_group>

		<trader_item_group name="HughSecretStashT0">
			<item group="HughAmmo"/>
			<item group="HughWeaponsQ6" prob="0.01"/>
			<item group="HughMods" prob="0.25"/>
		</trader_item_group>

		<trader_item_group name="HughSecretStashT1">
			<item group="HughAmmo"/>
			<item group="HughWeaponsQ6" prob="0.05"/>
			<item group="HughMods" prob="0.25"/>
		</trader_item_group>

		<trader_item_group name="HughSecretStashT2">
			<item group="HughAmmo"/>
			<item group="HughWeaponsQ6" prob="0.1"/>
			<item group="HughMods" prob="0.25"/>
		</trader_item_group>
	</append>

	<!-- I YEET the previous configuration for traders -->
	<remove xpath="/traders//trader_info[not (@id='3' or @id='4' or @id='5')]"/>

	<!-- I sneakily replace it for my own -->
	<append xpath="/traders">
		<!-- Joel -->
		<trader_info id="1" full_reset="true" min_inventory="30" max_inventory="70" min_items_swapped="20" max_items_swapped="20"
			reset_interval="1">	
			<trader_items count="all">
				<item group="traderParent"/>
				<item group="JoelFood"/>
				<item group="JoelGuns"/>
				<item group="JoelArmor"/>
				<item group="JoelConstruction"/>

			</trader_items>
			<tier_items level="1,500" count="all"> <!-- requires Perk 0 -->
				<item group="JoelSecretStashT0" count="1,4"/>
			</tier_items>

			<tier_items level="3000,3999" count="all"> <!-- requires Perk 1 -->
				<item group="JoelSecretStashT0" count="1,4" prob="0.6"/>
				<item group="JoelSecretStashT1" count="1,4" prob="0.4"/>
			</tier_items>

			<tier_items level="4000,4999" count="all"> <!-- requires Perk 2 -->
				<item group="JoelSecretStashT0" count="1,4" prob="0.2"/>
				<item group="JoelSecretStashT1" count="1,4" prob="0.6"/>
				<item group="JoelSecretStashT2" count="1,4" prob="0.2"/>
			</tier_items>

			<tier_items level="5000,-1" count="all"> <!-- requires Perk 3 -->
				<item group="JoelSecretStashT0" count="1,4" prob="0.1"/>
				<item group="JoelSecretStashT1" count="1,4" prob="0.5"/>
				<item group="JoelSecretStashT2" count="1,4" prob="0.4"/>
			</tier_items>
		</trader_info>

		<!-- Jen -->
		<trader_info id="2" full_reset="true" min_inventory="30" max_inventory="70" min_items_swapped="20" max_items_swapped="20"
			reset_interval="7">	
			<trader_items count="all">
				<item group="traderParent"/>
				<item group="JoelFood"/>
				<item group="JenDefense" count="1,2"/>
				<item group="JenMedical" count="all"/>
			</trader_items>
			<tier_items level="1,500" count="all"> <!-- requires Perk 0 -->
				<item group="JenSecretStashT0" count="1,4"/>
			</tier_items>

			<tier_items level="3000,3999" count="all"> <!-- requires Perk 1 -->
				<item group="JenSecretStashT0" count="1,4" prob="0.7"/>
				<item group="JenSecretStashT1" count="1,4" prob="0.3"/>
			</tier_items>

			<tier_items level="4000,4999" count="all"> <!-- requires Perk 2 -->
				<item group="JenSecretStashT0" count="1,4" prob="0.5"/>
				<item group="JenSecretStashT1" count="1,4" prob="0.4"/>
				<item group="JenSecretStashT2" count="1,4" prob="0.1"/>
			</tier_items>

			<tier_items level="5000,-1" count="all"> <!-- requires Perk 3 -->
				<item group="JenSecretStashT0" count="1,4" prob="0.2"/>
				<item group="JenSecretStashT1" count="1,4" prob="0.5"/>
				<item group="JenSecretStashT2" count="1,4" prob="0.3"/>
			</tier_items>
		</trader_info>

		<!-- Bob -->
		<trader_info id="6" full_reset="true" min_inventory="30" max_inventory="70" min_items_swapped="20" max_items_swapped="20"
			reset_interval="7" open_time="13:05" close_time="3:50">	
			<trader_items count="all">
				<item group="traderParent"/>
				<item group="JoelFood"/>
				<item group="BobTheBuilder"/>
				<item group="BobTheElectrician"/>
			</trader_items>
			<tier_items level="1,-1" count="all"> <!-- requires Perk 0 -->
				<item group="BobSecretStashT0" count="1,4"/>
			</tier_items>
			
			<tier_items level="3000,3999" count="all"> <!-- requires Perk 1 -->
				<item group="BobSecretStashT0" count="1,4" prob="0.6"/>
				<item group="BobSecretStashT1" count="1,4" prob="0.4"/>
			</tier_items>

			<tier_items level="4000,4999" count="all"> <!-- requires Perk 2 -->
				<item group="BobSecretStashT0" count="1,4" prob="0.3"/>
				<item group="BobSecretStashT1" count="1,4" prob="0.6"/>
				<item group="BobSecretStashT2" count="1,4" prob="0.1"/>
			</tier_items>

			<tier_items level="5000,-1" count="all"> <!-- requires Perk 3 -->
				<item group="BobSecretStashT0" count="1,4" prob="0.1"/>
				<item group="BobSecretStashT1" count="1,4" prob="0.5"/>
				<item group="BobSecretStashT2" count="1,4" prob="0.4"/>
			</tier_items>
		</trader_info>

		<!-- Hugh -->
		<trader_info id="7" full_reset="true" min_inventory="30" max_inventory="70" min_items_swapped="20" max_items_swapped="20"
			reset_interval="4" open_time="11:00" close_time="00:00">	
			<trader_items count="all">
				<item group="JoelFood"/>
				<item group="traderParent"/>
				<item group="HughWeaponsT0-1"/>
				<item group="HughWeaponsT2"/>
				<item group="HughWeaponsT3"/>
				<item group="HughWeaponParts"/>
				<item group="HughAmmo"/>
				<item group="HughMods"/>
			</trader_items>
			
			<tier_items level="1,-1" count="all"> <!-- requires Perk 0 -->
				<item group="HughSecretStash0" count="1,4"/>
			</tier_items>
			
			<tier_items level="3000,3999" count="all"> <!-- requires Perk 1 -->
				<item group="HughSecretStash0" count="1,4" prob="0.6"/>
				<item group="HughSecretStash1" count="1,4" prob="0.2"/>
			</tier_items>

			<tier_items level="4000,4999" count="all"> <!-- requires Perk 2 -->
				<item group="HughSecretStash0" count="1,4" prob="0.5"/>
				<item group="HughSecretStash1" count="1,4" prob="0.4"/>
				<item group="HughSecretStash2" count="1,4" prob="0.1"/>
			</tier_items>

			<tier_items level="5000,-1" count="all"> <!-- requires Perk 3 -->
				<item group="HughSecretStash0" count="1,4" prob="0.2"/>
				<item group="HughSecretStash1" count="1,4" prob="0.5"/>
				<item group="HughSecretStash2" count="1,4" prob="0.3"/>
			</tier_items>
		</trader_info>

		<!-- Rekt -->
		<trader_info id="8" full_reset="true" min_inventory="30" max_inventory="70" min_items_swapped="20" max_items_swapped="20"
			reset_interval="2" open_time="4:01" close_time="20:00">	
			<trader_items count="all">
				<item group="traderParent"/>
				<item group="JoelFood"/>
				<item group="RektGuns"/>
				<item group="RektSeedSchematics"/>
				<item group="RektFoodSchematics"/>
				<item group="RektFood"/>
				<item group="RektConstruction"/>
				<item group="modAllT1SecretStash" count="1,2"/>
			</trader_items>

			<tier_items level="1,-1" count="all"> <!-- requires Perk 0 -->
				<item group="RektSecretStashT0" count="1,4"/>
			</tier_items>
			<tier_items level="3000,3999" count="all"> <!-- requires Perk 1 -->
				<item group="RektSecretStashT0" count="1,4"/>
				<item group="RektSecretStashT1" count="1,4"/>
			</tier_items>
			<tier_items level="4000,4999" count="all"> <!-- requires Perk 2 -->
				<item group="RektSecretStashT0" count="1,4" prob="0.3"/>
				<item group="RektSecretStashT1" count="1,4" prob="0.6"/>
				<item group="RektSecretStashT2" count="1,4" prob="0.1"/>
			</tier_items>
			<tier_items level="5000,-1" count="all"> <!-- requires Perk 3 -->
				<item group="RektSecretStashT0" count="1,4" prob="0.2"/>
				<item group="RektSecretStashT1" count="1,4" prob="0.5"/>
				<item group="RektSecretStashT2" count="1,4" prob="0.3"/>
			</tier_items>
		</trader_info>
	</append>
</config>