<configs>
<!-- [Crosshair removal]
	Feature: 	Removes crosshair when aiming down sights
	
		Why: 	Because I don't like crosshairs when aiming down sights. That's what the gun's own sight is for

	Default: 	Crosshair when aiming down sights.
	
	Delete?: 	I mean... you can. It's a free country

	Code:		
-->
    <set xpath="//property[@name='CrosshairOnAim']/@value">false</set>
    <set xpath="/items/item[contains(@name, 'Bow') or contains(@name, 'Explosive')]/property[@name='CrosshairOnAim']/@value">true</set>

<!-- [ironsight realigment]
	Feature: 	slight adjustment to all the ingame ironsights
	
		Why: 	because they're misaligned and that's an issue when having no crosshair

	Default: 	Well, misaligned crosshairs
	
	Delete?: 	Yeah, go ahead, if you like to miss all your shots

	Code:		
-->
    <!-- Shotguns -->
        <set xpath="/items/item[@name='gunShotgunT0PipeShotgun']/property[@class='Action1']/property[@name='SightsCameraOffset']/@value">0,.005,.08</set>
        <set xpath="/items/item[@name='gunShotgunT1DoubleBarrel']/property[@class='Action1']/property[@name='SightsCameraOffset']/@value">0,.0275,.08</set>
        <set xpath="/items/item[@name='gunShotgunT2PumpShotgun']/property[@class='Action1']/property[@name='SightsCameraOffset']/@value">0,.0002,.08</set>
        <set xpath="/items/item[@name='gunShotgunT3AutoShotgun']/property[@class='Action1']/property[@name='SightsCameraOffset']/@value">0,0,.08</set>

    <!-- Machine guns -->
        <set xpath="/items/item[@name='gunMGT0PipeMachineGun']/property[@class='Action1']/property[@name='SightsCameraOffset']/@value">.001,0,.15</set>
        <set xpath="/items/item[@name='gunMGT1AK47']/property[@class='Action1']/property[@name='SightsCameraOffset']/@value">0,0,.4</set>
        <set xpath="/items/item[@name='gunMGT2TacticalAR']/property[@class='Action1']/property[@name='SightsCameraOffset']/@value">0,0,.07</set>
        <set xpath="/items/item[@name='gunMGT3M60']/property[@class='Action1']/property[@name='SightsCameraOffset']/@value">-.0005,0,.3</set>

    <!-- Compound bow -->
        <append xpath="/items/item[@name='gunBowT3CompoundBow']/property[@class='Action1']">
            <property name="SightsCameraOffset" value="0,0,.027"/>
        </append>

    <!-- Rifles -->
        <append xpath="/items/item[@name='gunRifleT0PipeRifle']/property[@class='Action1']">
            <property name="SightsCameraOffset" value="0,.0150,.08"/>
        </append>
        <append xpath="/items/item[@name='gunRifleT1HuntingRifle']/property[@class='Action1']">
            <property name="SightsCameraOffset" value="0,.02,.3"/>
        </append>
        <append xpath="/items/item[@name='gunRifleT2LeverActionRifle']/property[@class='Action1']">
            <property name="SightsCameraOffset" value=".00001,.0185,.08"/>
        </append>
        <set xpath="/items/item[@name='gunRifleT3SniperRifle']/property[@class='Action1']/property[@name='SightsCameraOffset']/@value">0,0,.3</set>

    <!-- Pistols -->
        <set xpath="/items/item[@name='gunHandgunT0PipePistol']/property[@class='Action1']/property[@name='SightsCameraOffset']/@value">0,.0008,.2</set>
        <set xpath="/items/item[@name='gunHandgunT1Pistol']/property[@class='Action1']/property[@name='SightsCameraOffset']/@value">.0001,.0008,.1</set>
        <set xpath="/items/item[@name='gunHandgunT3SMG5']/property[@class='Action1']/property[@name='SightsCameraOffset']/@value">0,.002,.11</set>

        <append xpath="/items/item[@name='gunHandgunT2Magnum44']/property[@class='Action1']">
        <property name="SightsCameraOffset" value="0,.0004,.3"/>
        </append>

        <set xpath="/items/item[@name='gunHandgunT3DesertVulture']/property[@class='Action1']/property[@name='SightsCameraOffset']/@value">-.0001,.0008,.1</set>

</configs>
