<configs>

    <set xpath="/items/item[contains(@name, 'gun') or contains(@name,'Gun')]/property[@name='CrosshairOnAim' or @name='CrosshairUpAfterShot']/@value">false</set>
    <set xpath="/items/item[contains(@name, 'Bow')]/property[@name='CrosshairOnAim']/@value">true</set>
    <set xpath="/items/item[contains(@name, 'Nail')]/property[@name='CrosshairOnAim']/@value">true</set>
    <set xpath="/items/item[contains(@name, 'Explosive')]/property[@name='CrosshairOnAim']/@value">true</set>

</configs>
