<configs>
<!-- [Crosshair removal]
	Feature: 	Removes crosshair when aiming down sights
	
		Why: 	Because I don't like crosshairs when aiming down sights. That's what the gun's own sight is for

	Default: 	Crosshair when aiming down sights.
	
	Delete?: 	

	XML's: 		
	
	Code:		
  -->
    <set xpath="//property[@name='CrosshairOnAim']/@value">false</set>

<!-- [ironsight realigment]
	Feature: 	
	
		Why: 	

	Default: 	
	
	Delete?: 	

	XML's: 		
	
	Code:		
-->
	<remove xpath="//item_modifier[@name='modGunReflexSight']/item_property_overrides[@name='*']"/>
	<insertAfter xpath="//item_modifier[@name='modGunReflexSight']/property[@name='TraderStageTemplate']">
		<item_property_overrides name="*">
			<property name="CrosshairOnAim" value="false"/>
			<property name="Zoom_max_out" value="50"/>
			<property name="Zoom_max_in" value="45"/>
		</item_property_overrides>
	</insertAfter>

	<!-- Pistols -->
		<set xpath="//item_modifier[@name='modGunReflexSight']/item_property_overrides[@name='gunHandgunT0PipePistol']/property[@name='ScopeOffset']/@value">0,0,0</set>
		<set xpath="//item_modifier[@name='modGunReflexSight']/item_property_overrides[@name='gunHandgunT0PipePistol']/property[@name='ScopeScale']/@value">0,0,0</set>
		<set xpath="//item_modifier[@name='modGunReflexSight']/item_property_overrides[@name='gunHandgunT0PipePistol']/property[@name='ScopeCameraOffset']/@value">0,-.0035,.15</set>

		<set xpath="//item_modifier[@name='modGunReflexSight']/item_property_overrides[@name='gunHandgunT1Pistol']/property[@name='ScopeOffset']/@value">0,0,0</set>
		<set xpath="//item_modifier[@name='modGunReflexSight']/item_property_overrides[@name='gunHandgunT1Pistol']/property[@name='ScopeScale']/@value">0,0,0</set>
		<set xpath="//item_modifier[@name='modGunReflexSight']/item_property_overrides[@name='gunHandgunT1Pistol']/property[@name='ScopeCameraOffset']/@value">0,-.013,0</set>

		<set xpath="//item_modifier[@name='modGunReflexSight']/item_property_overrides[@name='gunHandgunT2Magnum44']/property[@name='ScopeOffset']/@value">0,0,0</set>
		<set xpath="//item_modifier[@name='modGunReflexSight']/item_property_overrides[@name='gunHandgunT2Magnum44']/property[@name='ScopeScale']/@value">0,0,0</set>
		<set xpath="//item_modifier[@name='modGunReflexSight']/item_property_overrides[@name='gunHandgunT2Magnum44']/property[@name='ScopeCameraOffset']/@value">0,-.015,0</set>

		<set xpath="//item_modifier[@name='modGunReflexSight']/item_property_overrides[@name='gunHandgunT3SMG5']/property[@name='ScopeOffset']/@value">0,0,0</set>
		<set xpath="//item_modifier[@name='modGunReflexSight']/item_property_overrides[@name='gunHandgunT3SMG5']/property[@name='ScopeScale']/@value">0,0,0</set>
		<set xpath="//item_modifier[@name='modGunReflexSight']/item_property_overrides[@name='gunHandgunT3SMG5']/property[@name='ScopeCameraOffset']/@value">0,-.015,0</set>

		<set xpath="//item_modifier[@name='modGunReflexSight']/item_property_overrides[@name='gunHandgunT3DesertVulture']/property[@name='ScopeCameraOffset']/@value">0,-.01,0</set>

	<!-- Shotguns -->
		<set xpath="//item_modifier[@name='modGunReflexSight']/item_property_overrides[@name='gunShotgunT0PipeShotgun']/property[@name='ScopeOffset']/@value">0,0,0</set>
		<set xpath="//item_modifier[@name='modGunReflexSight']/item_property_overrides[@name='gunShotgunT0PipeShotgun']/property[@name='ScopeScale']/@value">0,0,0</set>
		<set xpath="//item_modifier[@name='modGunReflexSight']/item_property_overrides[@name='gunShotgunT0PipeShotgun']/property[@name='ScopeCameraOffset']/@value">.0002,-.0025,-0.15</set>

		<set xpath="//item_modifier[@name='modGunReflexSight']/item_property_overrides[@name='gunShotgunT1DoubleBarrel']/property[@name='ScopeOffset']/@value">0,0,0</set>
		<set xpath="//item_modifier[@name='modGunReflexSight']/item_property_overrides[@name='gunShotgunT1DoubleBarrel']/property[@name='ScopeScale']/@value">0,0,0</set>
		<set xpath="//item_modifier[@name='modGunReflexSight']/item_property_overrides[@name='gunShotgunT1DoubleBarrel']/property[@name='ScopeCameraOffset']/@value">-.0004,-.034,0</set>

		<set xpath="//item_modifier[@name='modGunReflexSight']/item_property_overrides[@name='gunShotgunT2PumpShotgun']/property[@name='ScopeOffset']/@value">0,0,0</set>
		<set xpath="//item_modifier[@name='modGunReflexSight']/item_property_overrides[@name='gunShotgunT2PumpShotgun']/property[@name='ScopeScale']/@value">0,0,0</set>
		<set xpath="//item_modifier[@name='modGunReflexSight']/item_property_overrides[@name='gunShotgunT2PumpShotgun']/property[@name='ScopeCameraOffset']/@value">0,-.0255,0</set>

		<set xpath="//item_modifier[@name='modGunReflexSight']/item_property_overrides[@name='gunShotgunT3AutoShotgun']/property[@name='ScopeCameraOffset']/@value">.00095,-.019,.10</set>
	
	<!-- Rifles -->	
		<set xpath="//item_modifier[@name='modGunReflexSight']/item_property_overrides[@name='gunRifleT0PipeRifle']/property[@name='ScopeOffset']/@value">0,0,0</set> <!-- Not working x 3-->
		<set xpath="//item_modifier[@name='modGunReflexSight']/item_property_overrides[@name='gunRifleT0PipeRifle']/property[@name='ScopeScale']/@value">1,1,1</set>
		<set xpath="//item_modifier[@name='modGunReflexSight']/item_property_overrides[@name='gunRifleT0PipeRifle']/property[@name='ScopeCameraOffset']/@value">0,0.0105,-0.1</set>

		<set xpath="//item_modifier[@name='modGunReflexSight']/item_property_overrides[@name='gunRifleT1HuntingRifle']/property[@name='ScopeOffset']/@value">0,0,0</set>
		<set xpath="//item_modifier[@name='modGunReflexSight']/item_property_overrides[@name='gunRifleT1HuntingRifle']/property[@name='ScopeScale']/@value">0,0,0</set>
		<set xpath="//item_modifier[@name='modGunReflexSight']/item_property_overrides[@name='gunRifleT1HuntingRifle']/property[@name='ScopeCameraOffset']/@value">0,0.0085,0.3</set>

		<set xpath="//item_modifier[@name='modGunReflexSight']/item_property_overrides[@name='gunRifleT2LeverActionRifle']/property[@name='ScopeOffset']/@value">0,0,0</set>
		<set xpath="//item_modifier[@name='modGunReflexSight']/item_property_overrides[@name='gunRifleT2LeverActionRifle']/property[@name='ScopeScale']/@value">0,0,0</set>
		<set xpath="//item_modifier[@name='modGunReflexSight']/item_property_overrides[@name='gunRifleT2LeverActionRifle']/property[@name='ScopeCameraOffset']/@value">-0.0007,.00265,0</set>

		<set xpath="//item_modifier[@name='modGunReflexSight']/item_property_overrides[@name='gunRifleT3SniperRifle']/property[@name='ScopeCameraOffset']/@value">0.0005,-0.0137,0</set>

	<!--Machine guns-->
	
		<set xpath="//item_modifier[@name='modGunReflexSight']/item_property_overrides[@name='gunMGT0PipeMachineGun']/property[@name='ScopeOffset']/@value">0,0,0</set>
		<set xpath="//item_modifier[@name='modGunReflexSight']/item_property_overrides[@name='gunMGT0PipeMachineGun']/property[@name='ScopeScale']/@value">0,0,0</set>
		<set xpath="//item_modifier[@name='modGunReflexSight']/item_property_overrides[@name='gunMGT0PipeMachineGun']/property[@name='ScopeCameraOffset']/@value">0,-.018,0</set>

		<set xpath="//item_modifier[@name='modGunReflexSight']/item_property_overrides[@name='gunMGT1AK47']/property[@name='ScopeOffset']/@value">0,0,0</set>
		<set xpath="//item_modifier[@name='modGunReflexSight']/item_property_overrides[@name='gunMGT1AK47']/property[@name='ScopeScale']/@value">0,0,0</set>
		<set xpath="//item_modifier[@name='modGunReflexSight']/item_property_overrides[@name='gunMGT1AK47']/property[@name='ScopeCameraOffset']/@value">0.0005,-.01925,0.4</set>

		<set xpath="//item_modifier[@name='modGunReflexSight']/item_property_overrides[@name='gunMGT2TacticalAR']/property[@name='ScopeOffset']/@value">0,0,0</set>
		<set xpath="//item_modifier[@name='modGunReflexSight']/item_property_overrides[@name='gunMGT2TacticalAR']/property[@name='ScopeScale']/@value">0,0,0</set>
		<set xpath="//item_modifier[@name='modGunReflexSight']/item_property_overrides[@name='gunMGT2TacticalAR']/property[@name='ScopeCameraOffset']/@value">0,.0025,0</set>

		<set xpath="//item_modifier[@name='modGunReflexSight']/item_property_overrides[@name='gunMGT3M60']/property[@name='ScopeOffset']/@value">0,0,0</set>
		<set xpath="//item_modifier[@name='modGunReflexSight']/item_property_overrides[@name='gunMGT3M60']/property[@name='ScopeScale']/@value">0,0,0</set>
		<set xpath="//item_modifier[@name='modGunReflexSight']/item_property_overrides[@name='gunMGT3M60']/property[@name='ScopeCameraOffset']/@value">0,-0.01,0.25</set>

</configs>
